<?xml version="1.0"?>
<doc>
    <assembly>
        <name>Microsoft.ML.CpuMath</name>
    </assembly>
    <members>
        <member name="T:Microsoft.ML.Internal.CpuMath.AlignedArray">
             <summary>
             This implements a logical array of floats that is automatically aligned for SSE/AVX operations.
             To pin and force alignment, call the GetPin method, typically wrapped in a using (since it
             returns a Pin struct that is IDisposable). From the pin, you can get the IntPtr to pass to
             native code.
            
             The ctor takes an alignment value, which must be a power of two at least sizeof(float).
             </summary>
        </member>
        <member name="M:Microsoft.ML.Internal.CpuMath.AlignedArray.#ctor(System.Int32,System.Int32)">
            <summary>
            Allocate an aligned vector with the given alignment (in bytes).
            The alignment must be a power of two and at least sizeof(Float).
            </summary>
        </member>
        <member name="T:Microsoft.ML.Internal.CpuMath.CpuAlignedVector">
            <summary>
            This implements a logical array of Floats that is automatically aligned for SSE/AVX operations.
            This is a thin wrapper around the AlignedArray type implemented in C++. This simply couples
            the AlignedArray with a logical size, which does not include padding, while the AlignedArray
            size does include padding.
            </summary>
        </member>
        <member name="P:Microsoft.ML.Internal.CpuMath.CpuAlignedVector.ValueCount">
            <summary>
            The value count.
            </summary>
        </member>
        <member name="P:Microsoft.ML.Internal.CpuMath.CpuAlignedVector.VectorSize">
            <summary>
            The logical size of the vector.
            </summary>
        </member>
        <member name="M:Microsoft.ML.Internal.CpuMath.CpuAlignedVector.#ctor(System.Int32,System.Int32)">
            <summary>
            Allocate an aligned vector with the given alignment (in bytes).
            The alignment must be a power of two and at least sizeof(Float).
            </summary>
        </member>
        <member name="P:Microsoft.ML.Internal.CpuMath.CpuAlignedVector.Items">
            <summary>
            The physical AligenedArray items.
            </summary>
        </member>
        <member name="P:Microsoft.ML.Internal.CpuMath.CpuAlignedVector.CbAlign">
            <summary>
            The alignment.
            </summary>
        </member>
        <member name="P:Microsoft.ML.Internal.CpuMath.CpuAlignedVector.Item(System.Int32)">
            <summary>
            Set and get the value of the vector at the given index.
            </summary>
            <param name="index">The index</param>
            <returns>The value at the given index</returns>
        </member>
        <member name="M:Microsoft.ML.Internal.CpuMath.CpuAlignedVector.GetValue(System.Int32)">
            <summary>
            Get the value of the vector at the given index.
            </summary>
            <param name="i">The index</param>
            <returns>The value at the given index</returns>
        </member>
        <member name="M:Microsoft.ML.Internal.CpuMath.CpuAlignedVector.Randomize(System.Func{System.Single})">
            <summary>
            Assign randomized values to the vector elements via the input function.
            </summary>
            <param name="rand">The input rand om function that takes no arguments and returns a float value</param>
        </member>
        <member name="M:Microsoft.ML.Internal.CpuMath.CpuAlignedVector.Zero">
            <summary>
            Assign zeros to the vector elements.
            </summary>
        </member>
        <member name="M:Microsoft.ML.Internal.CpuMath.CpuAlignedVector.CopyTo(System.Single[],System.Int32@)">
            <summary>
            Copy the values into dst, starting at slot ivDst and advancing ivDst.
            </summary>
            <param name="dst">The destination array</param>
            <param name="ivDst">The starting index in the destination array</param>
        </member>
        <member name="M:Microsoft.ML.Internal.CpuMath.CpuAlignedVector.CopyTo(System.Int32,System.Single[],System.Int32,System.Int32)">
            <summary>
            Copy the values from this vector starting at slot ivSrc into dst, starting at slot ivDst.
            The number of values that are copied is determined by count.
            </summary>
            <param name="ivSrc">The staring index in this vector</param>
            <param name="dst">The destination array</param>
            <param name="ivDst">The starting index in the destination array</param>
            <param name="count">The number of elements to be copied</param>
        </member>
        <member name="M:Microsoft.ML.Internal.CpuMath.CpuAlignedVector.CopyFrom(System.Single[],System.Int32@)">
            <summary>
            Copy the values from src, starting at slot index and advancing index, into this vector.
            </summary>
            <param name="src">The source array</param>
            <param name="index">The starting index in the source array</param>
        </member>
        <member name="M:Microsoft.ML.Internal.CpuMath.CpuAlignedVector.CopyFrom(System.Int32,System.Single[],System.Int32,System.Int32)">
            <summary>
            Copy the values from src, starting at slot index and advancing index, into this vector, starting at slot ivDst.
            The number of values that are copied is determined by count.
            </summary>
            <param name="ivDst">The staring index in this vector</param>
            <param name="src">The source array</param>
            <param name="ivSrc">The starting index in the source array</param>
            <param name="count">The number of elements to be copied</param>
        </member>
        <member name="M:Microsoft.ML.Internal.CpuMath.CpuAlignedVector.CopyFrom(Microsoft.ML.Internal.CpuMath.CpuAlignedVector)">
            <summary>
            Copy the values of src vector into this vector. The src vector must have the same size as this vector.
            </summary>
            <param name="src">The source vector</param>
        </member>
        <member name="M:Microsoft.ML.Internal.CpuMath.CpuAlignedVector.GetEnumerator">
            <summary>
            Get the underlying AlignedArray as IEnumerator&lt;Float&gt;.
            </summary>
        </member>
        <member name="T:Microsoft.ML.Internal.CpuMath.CpuAlignedMatrixBase">
            <summary>
            This implements a logical matrix of Floats that is automatically aligned for SSE/AVX operations.
            The ctor takes an alignment value, which must be a power of two at least sizeof(Float).
            </summary>
        </member>
        <member name="P:Microsoft.ML.Internal.CpuMath.CpuAlignedMatrixBase.ValueCount">
            <summary>
            The logical number values in the matrix
            </summary>
        </member>
        <member name="P:Microsoft.ML.Internal.CpuMath.CpuAlignedMatrixBase.RowCount">
            <summary>
            The logical number of rows
            </summary>
        </member>
        <member name="P:Microsoft.ML.Internal.CpuMath.CpuAlignedMatrixBase.ColCount">
            <summary>
            The logical number of columns
            </summary>
        </member>
        <member name="P:Microsoft.ML.Internal.CpuMath.CpuAlignedMatrixBase.RowCountPhy">
            <summary>
            The physical number of rows
            </summary>
        </member>
        <member name="P:Microsoft.ML.Internal.CpuMath.CpuAlignedMatrixBase.ColCountPhy">
            <summary>
            The pysical number of columns
            </summary>
        </member>
        <member name="M:Microsoft.ML.Internal.CpuMath.CpuAlignedMatrixBase.#ctor(System.Int32,System.Int32,System.Int32)">
            <summary>
            Allocate an aligned matrix with the given alignment (in bytes).
            </summary>
        </member>
        <member name="M:Microsoft.ML.Internal.CpuMath.CpuAlignedMatrixBase.Randomize(System.Func{System.Single})">
            <summary>
            Assign randomized values to the matrix elements via the input function.
            </summary>
            <param name="rand">The input rand om function that takes no arguments and returns a float value</param>
        </member>
        <member name="M:Microsoft.ML.Internal.CpuMath.CpuAlignedMatrixBase.Zero">
            <summary>
            Assign zeros to the matrix elements.
            </summary>
        </member>
        <member name="M:Microsoft.ML.Internal.CpuMath.CpuAlignedMatrixBase.CopyFrom(Microsoft.ML.Internal.CpuMath.CpuAlignedMatrixBase)">
            <summary>
            Copy the values of src matrix into this matrix. The src matrix must have the same physical and logical size as this matrix.
            </summary>
            <param name="src">The source matrix</param>
        </member>
        <member name="T:Microsoft.ML.Internal.CpuMath.CpuAlignedMatrixRowBase">
            <summary>
            This implements a logical row-major matrix of Floats that is automatically aligned for SSE/AVX operations.
            The ctor takes an alignment value, which must be a power of two at least sizeof(Float).
            </summary>
        </member>
        <member name="P:Microsoft.ML.Internal.CpuMath.CpuAlignedMatrixRowBase.RowCount">
            <summary>
            The logical number of rows
            </summary>
        </member>
        <member name="P:Microsoft.ML.Internal.CpuMath.CpuAlignedMatrixRowBase.ColCount">
            <summary>
            The logical number of columns
            </summary>
        </member>
        <member name="P:Microsoft.ML.Internal.CpuMath.CpuAlignedMatrixRowBase.RowCountPhy">
            <summary>
            The physical number of rows
            </summary>
        </member>
        <member name="P:Microsoft.ML.Internal.CpuMath.CpuAlignedMatrixRowBase.ColCountPhy">
            <summary>
            The physical number of columns
            </summary>
        </member>
        <member name="M:Microsoft.ML.Internal.CpuMath.CpuAlignedMatrixRowBase.CopyTo(System.Single[],System.Int32@)">
            <summary>
            Copy the values into dst, starting at slot ivDst and advancing ivDst.
            </summary>
            <param name="dst">The destination array</param>
            <param name="ivDst">The starting index in the destination array</param>
        </member>
        <member name="M:Microsoft.ML.Internal.CpuMath.CpuAlignedMatrixRowBase.CopyFrom(System.Single[],System.Int32@)">
            <summary>
            Copy the values from src, starting at slot ivSrc and advancing ivSrc.
            </summary>
            <param name="src">The source array</param>
            <param name="ivSrc">The starting index in the source array</param>
        </member>
        <member name="M:Microsoft.ML.Internal.CpuMath.CpuAlignedMatrixRowBase.GetEnumerator">
            <summary>
            Get the underlying AlignedArray as IEnumerator&lt;Float&gt;.
            </summary>
        </member>
        <member name="T:Microsoft.ML.Internal.CpuMath.CpuAlignedMatrixRow">
            <summary>
            This implements a row-major matrix of Floats that is automatically aligned for SSE/AVX operations.
            The ctor takes an alignment value, which must be a power of two at least sizeof(Float).
            </summary>
        </member>
        <member name="P:Microsoft.ML.Internal.CpuMath.CpuAlignedMatrixRow.RowCount">
            <summary>
            The logical number of rows
            </summary>
        </member>
        <member name="P:Microsoft.ML.Internal.CpuMath.CpuAlignedMatrixRow.ColCount">
            <summary>
            The logical number of columns
            </summary>
        </member>
        <member name="P:Microsoft.ML.Internal.CpuMath.CpuAlignedMatrixRow.RowCountPhy">
            <summary>
            The physical number of rows
            </summary>
        </member>
        <member name="P:Microsoft.ML.Internal.CpuMath.CpuAlignedMatrixRow.ColCountPhy">
            <summary>
            The physical number of columns
            </summary>
        </member>
        <member name="M:Microsoft.ML.Internal.CpuMath.CpuAlignedMatrixRow.CopyTo(System.Int32,System.Single[],System.Int32@)">
            <summary>
            Copy the values from this matrix, starting from the row into dst, starting at slot ivDst and advancing ivDst.
            </summary>
            <param name="row">The starting row in this matrix</param>
            <param name="dst">The destination array</param>
            <param name="ivDst">The starting index in the destination array</param>
        </member>
        <member name="M:Microsoft.ML.Internal.CpuMath.CpuAlignedMatrixRow.ZeroItems(System.Int32[])">
            <summary>
            Assign zeros to the values at the indices
            </summary>
            <param name="indices">The indices</param>
        </member>
        <member name="T:Microsoft.ML.Internal.CpuMath.CpuAlignedMatrixCol">
            <summary>
            This implements a logical matrix of Floats that is automatically aligned for SSE/AVX operations.
            The ctor takes an alignment value, which must be a power of two at least sizeof(Float).
            </summary>
        </member>
        <member name="M:Microsoft.ML.Internal.CpuMath.CpuAlignedMatrixCol.#ctor(System.Int32,System.Int32,System.Int32)">
            <summary>
            Allocate an aligned matrix with the given alignment (in bytes).
            </summary>
        </member>
        <member name="P:Microsoft.ML.Internal.CpuMath.CpuAlignedMatrixCol.RowCount">
            <summary>
            The logical number of rows
            </summary>
        </member>
        <member name="P:Microsoft.ML.Internal.CpuMath.CpuAlignedMatrixCol.ColCount">
            <summary>
            The logical number of columns
            </summary>
        </member>
        <member name="P:Microsoft.ML.Internal.CpuMath.CpuAlignedMatrixCol.RowCountPhy">
            <summary>
            The physical number of rows
            </summary>
        </member>
        <member name="P:Microsoft.ML.Internal.CpuMath.CpuAlignedMatrixCol.ColCountPhy">
            <summary>
            The physical number of columns
            </summary>
        </member>
        <member name="M:Microsoft.ML.Internal.CpuMath.CpuAlignedMatrixCol.CopyTo(System.Single[],System.Int32@)">
            <summary>
            Copy the values into dst, starting at slot ivDst and advancing ivDst.
            </summary>
            <param name="dst">The destination array</param>
            <param name="ivDst">The starting index in the destination array</param>
        </member>
        <member name="M:Microsoft.ML.Internal.CpuMath.CpuAlignedMatrixCol.CopyTo(System.Int32,System.Single[],System.Int32@)">
            <summary>
            Copy the values from this matrix, starting from the row into dst, starting at slot ivDst and advancing ivDst.
            </summary>
            <param name="row">The starting row in this matrix</param>
            <param name="dst">The destination array</param>
            <param name="ivDst">The starting index in the destination array</param>
        </member>
        <member name="M:Microsoft.ML.Internal.CpuMath.CpuAlignedMatrixCol.CopyFrom(System.Single[],System.Int32@)">
            <summary>
            Copy the values from src, starting at slot ivSrc and advancing ivSrc.
            </summary>
            <param name="src">The source array</param>
            <param name="ivSrc">The starting index in the source array</param>
        </member>
        <member name="M:Microsoft.ML.Internal.CpuMath.CpuAlignedMatrixCol.ZeroItems(System.Int32[])">
            <summary>
            Assign zeros to the values at the indices
            </summary>
            <param name="indices">The indices</param>
        </member>
        <member name="M:Microsoft.ML.Internal.CpuMath.CpuAlignedMatrixCol.GetEnumerator">
            <summary>
            Get the underlying AlignedArray as IEnumerator&lt;Float&gt;.
            </summary>
        </member>
        <member name="M:Microsoft.ML.Internal.CpuMath.CpuAligenedMathUtils`1.AssertCompatible(Microsoft.ML.Internal.CpuMath.ICpuFullMatrix)">
            <summary>
            Assert the compatibility of the underlying AlignedArray for the input matrix in terms of alignment amount.
            </summary>
            <param name="values">The input matrix</param>
        </member>
        <member name="M:Microsoft.ML.Internal.CpuMath.CpuAligenedMathUtils`1.AssertCompatible(Microsoft.ML.Internal.CpuMath.ICpuVector)">
            <summary>
            Assert the compatibility of the underlying AlignedArray for the input vector in terms of alignment amount.
            </summary>
            <param name="values">The input vector</param>
        </member>
        <member name="M:Microsoft.ML.Internal.CpuMath.CpuAligenedMathUtils`1.AssertCompatible(Microsoft.ML.Internal.CpuMath.ICpuFullMatrix,Microsoft.ML.Internal.CpuMath.ICpuVector,Microsoft.ML.Internal.CpuMath.ICpuVector)">
            <summary>
            Asserts the following:
            1. The compatibility of the underlying AlignedArray for mat in terms of alignment amount.
            2. The compatibility of the underlying AlignedArray for src in terms of alignment amount.
            3. The compatibility of the underlying AlignedArray for dst in terms of alignment amount.
            4. The compatibility of the matrix-vector multiplication mat * src = dst.
            </summary>
            <param name="mat"></param>
            <param name="src"></param>
            <param name="dst"></param>
        </member>
        <member name="M:Microsoft.ML.Internal.CpuMath.CpuAligenedMathUtils`1.MatTimesSrc(Microsoft.ML.Internal.CpuMath.ICpuFullMatrix,Microsoft.ML.Internal.CpuMath.ICpuVector,Microsoft.ML.Internal.CpuMath.ICpuVector)">
            <summary>
            Matrix multiplication:
            dst = mat * src
            </summary>
            <param name="mat">The multiplier matrix</param>
            <param name="src">The source vector</param>
            <param name="dst">The destination vector</param>
        </member>
        <member name="M:Microsoft.ML.Internal.CpuMath.CpuAligenedMathUtils`1.MatTranTimesSrc(Microsoft.ML.Internal.CpuMath.ICpuFullMatrix,Microsoft.ML.Internal.CpuMath.ICpuVector,Microsoft.ML.Internal.CpuMath.ICpuVector)">
            <summary>
            Matrix transpose multiplication:
            dst = mat' * src
            </summary>
            <param name="mat">The multiplier matrix</param>
            <param name="src">The source vector</param>
            <param name="dst">The destination vector</param>
        </member>
        <member name="M:Microsoft.ML.Internal.CpuMath.GeneralUtils.CbitLowZero(System.UInt32)">
            <summary>
            Count the number of zero bits in the lonest string of zero's from the lowest significant bit of the input integer.
            </summary>
            <param name="u">The input integer</param>
            <returns></returns>
        </member>
        <member name="M:Microsoft.ML.Internal.CpuMath.CpuMathUtils.MatrixTimesSource(System.Boolean,Microsoft.ML.Internal.CpuMath.AlignedArray,Microsoft.ML.Internal.CpuMath.AlignedArray,Microsoft.ML.Internal.CpuMath.AlignedArray,System.Int32)">
            <summary>
            Multiplies a matrix times a source.
            </summary>
            <param name="transpose"><see langword="true"/> to transpose the matrix; otherwise <see langword="false"/>.</param>
            <param name="matrix">The input matrix.</param>
            <param name="source">The source matrix.</param>
            <param name="destination">The destination matrix.</param>
            <param name="stride">The column stride.</param>
        </member>
        <member name="M:Microsoft.ML.Internal.CpuMath.CpuMathUtils.MatrixTimesSource(Microsoft.ML.Internal.CpuMath.AlignedArray,System.ReadOnlySpan{System.Int32},Microsoft.ML.Internal.CpuMath.AlignedArray,System.Int32,System.Int32,System.Int32,Microsoft.ML.Internal.CpuMath.AlignedArray,System.Int32)">
            <summary>
            Multiplies a matrix times a source.
            </summary>
            <param name="matrix">The input matrix.</param>
            <param name="rgposSrc">The source positions.</param>
            <param name="sourceValues">The source values.</param>
            <param name="posMin">The minimum position.</param>
            <param name="iposMin">The minimum position index.</param>
            <param name="iposLimit">The position limit.</param>
            <param name="destination">The destination matrix.</param>
            <param name="stride">The column stride.</param>
        </member>
        <member name="M:Microsoft.ML.Internal.CpuMath.CpuMathUtils.Add(System.Single,System.Span{System.Single})">
            <summary>
            Adds a value to a destination.
            </summary>
            <param name="value">The value to add.</param>
            <param name="destination">The destination to add the value to.</param>
        </member>
        <member name="M:Microsoft.ML.Internal.CpuMath.CpuMathUtils.Scale(System.Single,System.Span{System.Single})">
            <summary>
            Scales a value to a destination.
            </summary>
            <param name="value">The value to add.</param>
            <param name="destination">The destination to add the value to.</param>
        </member>
        <member name="M:Microsoft.ML.Internal.CpuMath.CpuMathUtils.Scale(System.Single,System.ReadOnlySpan{System.Single},System.Span{System.Single},System.Int32)">
            <summary>
            Scales a values by a source to a destination.
            destination = value * source
            </summary>
            <param name="value">The value to scale by.</param>
            <param name="source">The source values.</param>
            <param name="destination">The destination.</param>
            <param name="count">The count of items.</param>
        </member>
        <member name="M:Microsoft.ML.Internal.CpuMath.CpuMathUtils.ScaleAdd(System.Single,System.Single,System.Span{System.Single})">
            <summary>
            Add to the destination by scale with an addend value.
            </summary>
            <code>
            destination[i] = scale * (destination[i] + addend)
            </code>
            <param name="scale">The scale to add by.</param>
            <param name="addend">The added value.</param>
            <param name="destination">The destination.</param>
        </member>
        <member name="M:Microsoft.ML.Internal.CpuMath.CpuMathUtils.AddScale(System.Single,System.ReadOnlySpan{System.Single},System.Span{System.Single},System.Int32)">
            <summary>
            Add to the destination from the source by scale.
            </summary>
            <param name="scale">The scale to add by.</param>
            <param name="source">The source values.</param>
            <param name="destination">The destination values.</param>
            <param name="count">The count of items.</param>
        </member>
        <member name="M:Microsoft.ML.Internal.CpuMath.CpuMathUtils.AddScale(System.Single,System.ReadOnlySpan{System.Single},System.ReadOnlySpan{System.Int32},System.Span{System.Single},System.Int32)">
            <summary>
            Add to the destination by scale and source with indices.
            </summary>
            <param name="scale">The scale to add by.</param>
            <param name="source">The source values.</param>
            <param name="indices">The indices of value collection.</param>
            <param name="destination">The destination values.</param>
            <param name="count">The count of items.</param>
        </member>
        <member name="M:Microsoft.ML.Internal.CpuMath.CpuMathUtils.AddScaleCopy(System.Single,System.ReadOnlySpan{System.Single},System.ReadOnlySpan{System.Single},System.Span{System.Single},System.Int32)">
            <summary>
            Add to the destination by scale and source into a new result.
            </summary>
            <param name="scale">The scale to add by.</param>
            <param name="source">The source values.</param>
            <param name="destination">The destination values.</param>
            <param name="result">A new collection of values to be returned.</param>
            <param name="count">The count of items.</param>
        </member>
        <member name="M:Microsoft.ML.Internal.CpuMath.CpuMathUtils.Add(System.ReadOnlySpan{System.Single},System.Span{System.Single},System.Int32)">
            <summary>
            Add from a source to a destination.
            </summary>
            <param name="source">The source values.</param>
            <param name="destination">The destination values.</param>
            <param name="count">The count of items.</param>
        </member>
        <member name="M:Microsoft.ML.Internal.CpuMath.CpuMathUtils.Add(System.ReadOnlySpan{System.Single},System.ReadOnlySpan{System.Int32},System.Span{System.Single},System.Int32)">
            <summary>
            Add from a source to a destination with indices.
            </summary>
            <param name="source">The source values.</param>
            <param name="indices"></param>
            <param name="destination">The destination values.</param>
            <param name="count">The count of items.</param>
        </member>
        <member name="M:Microsoft.ML.Internal.CpuMath.CpuMathUtils.MulElementWise(System.ReadOnlySpan{System.Single},System.ReadOnlySpan{System.Single},System.Span{System.Single},System.Int32)">
            <summary>
            Multiply each element with left and right elements.
            </summary>
            <param name="left">The left element.</param>
            <param name="right">The right element.</param>
            <param name="destination">The destination values.</param>
            <param name="count">The count of items.</param>
        </member>
        <member name="M:Microsoft.ML.Internal.CpuMath.CpuMathUtils.Sum(System.ReadOnlySpan{System.Single})">
            <summary>
            Sum the values in the source.
            </summary>
            <param name="source">The source values.</param>
            <returns>The sum of all items in <paramref name="source"/>.</returns>
        </member>
        <member name="M:Microsoft.ML.Internal.CpuMath.CpuMathUtils.SumSq(System.ReadOnlySpan{System.Single})">
            <summary>
            Sum the squares of each item in the source.
            </summary>
            <param name="source">The source values.</param>
            <returns>The sum of the squares of all items in <paramref name="source"/>.</returns>
        </member>
        <member name="M:Microsoft.ML.Internal.CpuMath.CpuMathUtils.SumSq(System.Single,System.ReadOnlySpan{System.Single})">
            <summary>
            Sum the square of each item in the source and subtract the mean.
            </summary>
            <param name="mean">The mean value.</param>
            <param name="source">The source values.</param>
            <returns>The sum of all items in <paramref name="source"/> by <paramref name="mean"/>.</returns>
        </member>
        <member name="M:Microsoft.ML.Internal.CpuMath.CpuMathUtils.SumAbs(System.ReadOnlySpan{System.Single})">
            <summary>
            Sum the absolute value of each item in the source.
            </summary>
            <param name="source">The source values.</param>
            <returns>The sum of all absolute value of the items in <paramref name="source"/>.</returns>
        </member>
        <member name="M:Microsoft.ML.Internal.CpuMath.CpuMathUtils.SumAbs(System.Single,System.ReadOnlySpan{System.Single})">
            <summary>
            Sum the absolute value of each item in the source and subtract the mean.
            </summary>
            <param name="mean">The mean value.</param>
            <param name="source">The source values.</param>
            <returns>The sum of all items by absolute value in <paramref name="source"/> subtracted by <paramref name="mean"/>.</returns>
        </member>
        <member name="M:Microsoft.ML.Internal.CpuMath.CpuMathUtils.MaxAbs(System.ReadOnlySpan{System.Single})">
            <summary>
            Take the maximum absolute value within the source.
            </summary>
            <param name="source">The source values.</param>
            <returns>The max of all absolute value items in <paramref name="source"/>.</returns>
        </member>
        <member name="M:Microsoft.ML.Internal.CpuMath.CpuMathUtils.MaxAbsDiff(System.Single,System.ReadOnlySpan{System.Single})">
            <summary>
            Take the maximum absolute value within the source and subtract the mean.
            </summary>
            <param name="mean">The mean value.</param>
            <param name="source">The source values.</param>
            <returns>The sum of all absolute value items in <paramref name="source"/> subtracted by <paramref name="mean"/>.</returns>
        </member>
        <member name="M:Microsoft.ML.Internal.CpuMath.CpuMathUtils.DotProductDense(System.ReadOnlySpan{System.Single},System.ReadOnlySpan{System.Single},System.Int32)">
            <summary>
            Returns the dot product of each item in the left and right spans.
            </summary>
            <param name="left">The left span.</param>
            <param name="right">The right span.</param>
            <param name="count">The count of items.</param>
            <returns>The dot product.</returns>
        </member>
        <member name="M:Microsoft.ML.Internal.CpuMath.CpuMathUtils.DotProductSparse(System.ReadOnlySpan{System.Single},System.ReadOnlySpan{System.Single},System.ReadOnlySpan{System.Int32},System.Int32)">
            <summary>
            Returns the dot product of each item by index in the left and right spans.
            </summary>
            <param name="left">The left span.</param>
            <param name="right">The right span.</param>
            <param name="indices">The indicies of the left span.</param>
            <param name="count">The count of items.</param>
            <returns>The dot product.</returns>
        </member>
        <member name="M:Microsoft.ML.Internal.CpuMath.CpuMathUtils.L2DistSquared(System.ReadOnlySpan{System.Single},System.ReadOnlySpan{System.Single},System.Int32)">
            <summary>
            Returns the sum of the squared distance between the left and right spans.
            </summary>
            <param name="left">The left span.</param>
            <param name="right">The right span.</param>
            <param name="count">The count of items.</param>
            <returns>The squared distance value.</returns>
        </member>
        <member name="M:Microsoft.ML.Internal.CpuMath.CpuMathUtils.ZeroMatrixItems(Microsoft.ML.Internal.CpuMath.AlignedArray,System.Int32,System.Int32,System.Int32[])">
            <summary>
            Sets the matrix items to zero.
            </summary>
            <param name="destination">The destination values.</param>
            <param name="ccol">The stride column.</param>
            <param name="cfltRow">The row to use.</param>
            <param name="indices">The indicies.</param>
        </member>
        <member name="M:Microsoft.ML.Internal.CpuMath.CpuMathUtils.SdcaL1UpdateDense(System.Single,System.Int32,System.ReadOnlySpan{System.Single},System.Single,System.Span{System.Single},System.Span{System.Single})">
            <summary>
            Updates span items with threshold.
            </summary>
            <param name="primalUpdate">The primal update value.</param>
            <param name="count">The count of items.</param>
            <param name="source">The source values.</param>
            <param name="threshold">The threshold value.</param>
            <param name="v">The v span.</param>
            <param name="w">The w span.</param>
        </member>
        <member name="M:Microsoft.ML.Internal.CpuMath.CpuMathUtils.SdcaL1UpdateSparse(System.Single,System.Int32,System.ReadOnlySpan{System.Single},System.ReadOnlySpan{System.Int32},System.Single,System.Span{System.Single},System.Span{System.Single})">
            <summary>
            Updates span items with threshold by indices.
            </summary>
            <param name="primalUpdate">The primal update value.</param>
            <param name="count">The count of items.</param>
            <param name="source">The source values.</param>
            <param name="indices">The indicies of the source span.</param>
            <param name="threshold">The threshold.</param>
            <param name="v">The v span.</param>
            <param name="w">The w span.</param>
        </member>
        <member name="M:Microsoft.ML.Internal.CpuMath.ICpuBuffer`1.Randomize(System.Func{`0})">
            <summary>
            Assign random values using the given random function.
            </summary>
        </member>
        <member name="M:Microsoft.ML.Internal.CpuMath.ICpuBuffer`1.Zero">
            <summary>
            Set all values to zero.
            </summary>
        </member>
        <member name="M:Microsoft.ML.Internal.CpuMath.ICpuBuffer`1.CopyTo(`0[],System.Int32@)">
            <summary>
            Copy the values into dst, starting at slot ivDst and advancing ivDst.
            </summary>
        </member>
        <member name="M:Microsoft.ML.Internal.CpuMath.ICpuBuffer`1.CopyFrom(`0[],System.Int32@)">
            <summary>
            Copy values from the given src array into this buffer, starting at the given index in src,
            </summary>
        </member>
        <member name="T:Microsoft.ML.Internal.CpuMath.ICpuVector">
            <summary>
            A logical math vector.
            </summary>
        </member>
        <member name="P:Microsoft.ML.Internal.CpuMath.ICpuVector.VectorSize">
            <summary>
            The vector size
            </summary>
        </member>
        <member name="M:Microsoft.ML.Internal.CpuMath.ICpuVector.GetValue(System.Int32)">
            <summary>
            Get the i'th component of the vector.
            </summary>
        </member>
        <member name="P:Microsoft.ML.Internal.CpuMath.ICpuMatrix.RowCount">
            <summary>
            The row count
            </summary>
        </member>
        <member name="P:Microsoft.ML.Internal.CpuMath.ICpuMatrix.ColCount">
            <summary>
            the column count
            </summary>
        </member>
        <member name="T:Microsoft.ML.Internal.CpuMath.ICpuFullMatrix">
            <summary>
            A 2-dimensional matrix.
            </summary>
        </member>
        <member name="M:Microsoft.ML.Internal.CpuMath.ICpuFullMatrix.CopyTo(System.Int32,System.Single[],System.Int32@)">
            <summary>
            Copy the values for the given row into dst, starting at slot ivDst.
            </summary>
        </member>
        <member name="M:Microsoft.ML.Internal.CpuMath.ICpuFullMatrix.ZeroItems(System.Int32[])">
            <summary>
            Zero out the items with the given indices.
            The indices contain the logical indices to the vectorized representation of the matrix,
            which can be different depending on whether the matrix is row-major or column-major.
            </summary>
        </member>
        <member name="M:Microsoft.ML.Internal.CpuMath.IntUtils.Add(System.UInt64@,System.UInt64@,System.UInt64)">
            <summary>
            Add src to the 128 bits contained in dst. Ignores overflow, that is, the addition is done modulo 2^128.
            </summary>
        </member>
        <member name="M:Microsoft.ML.Internal.CpuMath.IntUtils.Add(System.UInt64@,System.UInt64@,System.UInt64,System.UInt64)">
            <summary>
            Add src to dst. Ignores overflow, that is, the addition is done modulo 2^128.
            </summary>
        </member>
        <member name="M:Microsoft.ML.Internal.CpuMath.IntUtils.Sub(System.UInt64@,System.UInt64@,System.UInt64)">
            <summary>
            Subtract src from the 128 bits contained in dst. Ignores overflow, that is, the subtraction is
            done modulo 2^128.
            </summary>
        </member>
        <member name="M:Microsoft.ML.Internal.CpuMath.IntUtils.Sub(System.UInt64@,System.UInt64@,System.UInt64,System.UInt64)">
            <summary>
            Subtract src from dst. Ignores overflow, that is, the subtraction is done modulo 2^128.
            </summary>
        </member>
        <member name="M:Microsoft.ML.Internal.CpuMath.IntUtils.LessThan(System.UInt64,System.UInt64,System.UInt64,System.UInt64)">
            <summary>
            Return true if a is less than b.
            </summary>
        </member>
        <member name="M:Microsoft.ML.Internal.CpuMath.IntUtils.Div64(System.UInt64,System.UInt64,System.UInt64,System.UInt64@)">
            <summary>
            Divide the 128 bit value in <paramref name="lo"/> and <paramref name="hi"/> by <paramref name="den"/>.
            returning the quotient and placing the remainder in <paramref name="rem"/>. Throws on overflow.
            Note that <paramref name="lo"/> comes before <paramref name="hi"/>.
            </summary>
        </member>
        <member name="M:Microsoft.ML.Internal.CpuMath.IntUtils.Mul64(System.UInt64,System.UInt64,System.UInt64@)">
            <summary>
            Multiple the two 64-bit values to produce 128 bit result.
            </summary>
        </member>
        <member name="M:Microsoft.ML.Internal.CpuMath.IntUtils.DivRound(System.UInt64,System.UInt64,System.UInt64)">
            <summary>
            Divide and round to nearest using unbiased rounding. Throws on overflow.
            Note that <paramref name="lo"/> comes before <paramref name="hi"/>.
            </summary>
        </member>
        <member name="M:Microsoft.ML.Internal.CpuMath.IntUtils.DivRound(System.UInt64,System.UInt64,System.UInt64,System.UInt64)">
            <summary>
            Divide and round to nearest using unbiased rounding. Throws on overflow.
            Note that <paramref name="numLo"/> comes before <paramref name="numHi"/>.
            </summary>
        </member>
        <member name="M:Microsoft.ML.Internal.CpuMath.IntUtils.CbitHighZero(System.UInt64)">
            <summary>
            Return the number of zero bits on the high end.
            </summary>
        </member>
        <member name="M:Microsoft.ML.Internal.CpuMath.IntUtils.MulDiv64Core(System.UInt64,System.UInt64,System.UInt64,System.UInt64@)">
            <summary>
            Multiply <paramref name="a"/> and <paramref name="b"/> and divide by <paramref name="den"/>,
            returning the quotient and placing the remainder in <paramref name="rem"/>. Throws on overflow.
            </summary>
        </member>
        <member name="M:Microsoft.ML.Internal.CpuMath.IntUtils.TryMulDiv64Core(System.UInt64,System.UInt64,System.UInt64,System.UInt64@,System.UInt64@)">
            <summary>
            Multiply <paramref name="a"/> and <paramref name="b"/> and divide by <paramref name="den"/>,
            placing the quotient in <paramref name="quo"/> and the remainder in <paramref name="rem"/>.
            Returns true on success. On overflow, places zero in the out parameters and returns false.
            </summary>
        </member>
        <member name="T:Microsoft.ML.Internal.CpuMath.ProbabilityFunctions">
            <summary>
            Probability Functions.
            </summary>
        </member>
        <member name="M:Microsoft.ML.Internal.CpuMath.ProbabilityFunctions.Erfc(System.Double)">
            <summary>
            The approximate complimentary error function (i.e., 1-erf).
            </summary>
            <param name="x">The input parameter, of infinite range.</param>
            <returns>Evaluation of the function</returns>
        </member>
        <member name="M:Microsoft.ML.Internal.CpuMath.ProbabilityFunctions.Erf(System.Double)">
            <summary>
            The approximate error function.
            </summary>
            <param name="x">The input parameter, of infinite range.</param>
            <returns>Evaluation of the function</returns>
        </member>
        <member name="M:Microsoft.ML.Internal.CpuMath.ProbabilityFunctions.Erfinv(System.Double)">
            <summary>
            The inverse error function.
            </summary>
            <param name="x">Parameter in the range 1 to -1.</param>
            <returns>Evaluation of the function.</returns>
        </member>
        <member name="M:Microsoft.ML.Internal.CpuMath.ProbabilityFunctions.Probit(System.Double)">
            <summary>
            The probit function. This has many applications, the most familiar being perhaps
            that this is the point "x" at which the standard normal CDF evaluates to the indicated
            p value. It is used in establishing confidence intervals.
            </summary>
            <param name="p">The input p value, so in the range 0 to 1.</param>
            <returns>One intepretation is, the value at which the standard normal CDF evaluates to p.</returns>
        </member>
        <member name="T:Microsoft.ML.Internal.CpuMath.Core.IExceptionContext">
            <summary>
            Interface for "processing" exceptions before they are thrown. This can
            be used to add context to the exception, wrap the exception in another one,
            totally replace the exception, etc. It is not legal to return null from
            Process (unless null was passed in, which really shouldn't happen).
            </summary>
        </member>
        <member name="P:Microsoft.ML.Internal.CpuMath.Core.IExceptionContext.ContextDescription">
            <summary>
            A string describing the context itself.
            </summary>
        </member>
        <member name="M:Microsoft.ML.Internal.CpuMath.Core.Contracts.Process``1(``0,Microsoft.ML.Internal.CpuMath.Core.IExceptionContext)">
            <summary>
            Does standard processing of an exception (typically called after construction
            but before it is thrown).
            </summary>
        </member>
        <member name="M:Microsoft.ML.Internal.CpuMath.Core.Contracts.Mark``1(``0)">
            <summary>
            Mark the exception by setting <see cref="F:Microsoft.ML.Internal.CpuMath.Core.Contracts.IsMarkedKey"/> in the exception
            <see cref="P:System.Exception.Data"/> to 1.
            </summary>
        </member>
        <member name="M:Microsoft.ML.Internal.CpuMath.Core.Contracts.IsMarked(System.Exception)">
            <summary>
            Indicates whether the exception was "marked" the Contracts code.
            </summary>
        </member>
        <member name="M:Microsoft.ML.Internal.CpuMath.Core.Contracts.MarkSensitive``1(``0,Microsoft.ML.Internal.CpuMath.Core.MessageSensitivity)">
            <summary>
            Exceptions whose message communicates potentially sensitive information should be
            marked using this method, before they are thrown. Note that if the exception already
            had this flag set, the message will be flagged with the bitwise or of the existing
            flag, alongside the passed in sensivity.
            </summary>
        </member>
        <member name="M:Microsoft.ML.Internal.CpuMath.Core.Contracts.Sensitivity(System.Exception)">
            <summary>
            This is a convenience method to get the sensitivity of an exception,
            as encoded with <see cref="F:Microsoft.ML.Internal.CpuMath.Core.Contracts.SensitivityKey"/>. If there is no key, then
            the message is assumed to be of unknown sensitivity, i.e., it is assumed
            that it might contain literally anything.
            </summary>
            <param name="ex">The exception to query</param>
            <returns>The value encoded at the <see cref="F:Microsoft.ML.Internal.CpuMath.Core.Contracts.SensitivityKey"/>, if it is
            a <see cref="T:Microsoft.ML.Internal.CpuMath.Core.MessageSensitivity"/> value. If neither of these conditions
            hold then <see cref="F:Microsoft.ML.Internal.CpuMath.Core.MessageSensitivity.Unknown"/> is returned.</returns>
        </member>
        <member name="M:Microsoft.ML.Internal.CpuMath.Core.Contracts.SetAssertHandler(System.Action{System.String,Microsoft.ML.Internal.CpuMath.Core.IExceptionContext})">
            <summary>
            Sets the assert handler to the given function, returning the previous handler.
            </summary>
        </member>
        <member name="M:Microsoft.ML.Internal.CpuMath.Core.Contracts.Except">
            <summary>
            Default exception type (currently InvalidOperationException)
            </summary>
        </member>
        <member name="M:Microsoft.ML.Internal.CpuMath.Core.Contracts.ExceptUserArg(System.String)">
            <summary>
            For signalling bad user input.
            </summary>
        </member>
        <member name="M:Microsoft.ML.Internal.CpuMath.Core.Contracts.ExceptParam(System.String)">
            <summary>
            For signalling bad function parameters.
            </summary>
        </member>
        <member name="M:Microsoft.ML.Internal.CpuMath.Core.Contracts.ExceptValue(System.String)">
            <summary>
            For signalling null function parameters.
            </summary>
        </member>
        <member name="M:Microsoft.ML.Internal.CpuMath.Core.Contracts.ExceptEmpty(System.String)">
            <summary>
            For signalling null or empty function parameters (strings, arrays, collections, etc).
            </summary>
        </member>
        <member name="M:Microsoft.ML.Internal.CpuMath.Core.Contracts.ExceptWhiteSpace(System.String)">
            <summary>
            For signalling null, empty or white-space function parameters (strings, arrays, collections, etc).
            </summary>
        </member>
        <member name="M:Microsoft.ML.Internal.CpuMath.Core.Contracts.ExceptDecode">
            <summary>
            For signalling errors in decoding information, whether while reading from a file,
            parsing user input, etc.
            </summary>
            <returns></returns>
        </member>
        <member name="M:Microsoft.ML.Internal.CpuMath.Core.Contracts.ExceptIO">
            <summary>
            For signalling IO failures.
            </summary>
        </member>
        <member name="M:Microsoft.ML.Internal.CpuMath.Core.Contracts.ExceptNotImpl">
            <summary>
            For signalling functionality that is not YET implemented.
            </summary>
        </member>
        <member name="M:Microsoft.ML.Internal.CpuMath.Core.Contracts.ExceptNotSupp">
            <summary>
            For signalling functionality that is not implemented by design.
            </summary>
        </member>
        <member name="M:Microsoft.ML.Internal.CpuMath.Core.Contracts.ExceptSchemaMismatch(System.String,System.String,System.String)">
            <summary>
            For signalling schema validation issues.
            </summary>
        </member>
        <member name="M:Microsoft.ML.Internal.CpuMath.Core.Contracts.CheckUserArg(System.Boolean,System.String)">
            <summary>
            CheckUserArg / ExceptUserArg should be used when the validation of user-provided arguments failed.
            Typically, this is shortly after the arguments are parsed using CmdParser.
            </summary>
        </member>
        <member name="M:Microsoft.ML.Internal.CpuMath.Core.Contracts.CheckValueOrNull``1(``0)">
            <summary>
            This documents that the parameter can legally be null.
            </summary>
        </member>
        <member name="M:Microsoft.ML.Internal.CpuMath.Core.Contracts.CheckValueOrNull``1(Microsoft.ML.Internal.CpuMath.Core.IExceptionContext,``0)">
            <summary>
            This documents that the parameter can legally be null.
            </summary>
        </member>
        <member name="M:Microsoft.ML.Internal.CpuMath.Core.Contracts.AssertValueOrNull``1(``0)">
            <summary>
            This documents that the parameter can legally be null.
            </summary>
        </member>
        <member name="T:Microsoft.ML.Internal.CpuMath.Core.BestFriendAttribute">
            <summary>
            Intended to be applied to types and members with internal scope to indicate that friend access of this
            internal item is OK from another assembly. This restriction applies only to assemblies that declare the
            <see cref="T:Microsoft.ML.Internal.CpuMath.Core.WantsToBeBestFriendsAttribute"/> assembly level attribute. Note that this attribute is not
            transferrable: an internal member with this attribute does not somehow make a containing internal type
            accessible. Conversely, neither does marking an internal type make any unmarked internal members accessible.
            </summary>
        </member>
        <member name="T:Microsoft.ML.Internal.CpuMath.Core.WantsToBeBestFriendsAttribute">
            <summary>
            This is an assembly level attribute to signal that friend accesses on this assembly should be checked
            for usage of <see cref="T:Microsoft.ML.Internal.CpuMath.Core.BestFriendAttribute"/>. If this attribute is missing, normal access rules for
            friends should apply.
            </summary>
        </member>
    </members>
</doc>
